City_ID,City,Country,Date,Lat,Lng,Max Temp,Humidity,Cloudiness,Wind Speed
0,Provideniya,RU,2022-09-17 02:07:16,64.3833,-173.3,44.38,95,100,32.99
1,Albany,US,2022-09-17 02:05:58,42.6001,-73.9662,57.63,84,91,4.14
2,Mataura,NZ,2022-09-17 02:07:16,-46.1927,168.8643,56.08,44,18,2.1
3,Kapaa,US,2022-09-17 02:07:17,22.0752,-159.319,84.18,75,100,5.75
4,Punta Arenas,CL,2022-09-17 02:07:17,-53.15,-70.9167,41.11,70,75,17.27
5,Saskylakh,RU,2022-09-17 02:07:17,71.9167,114.0833,34.02,95,100,22.79
6,Airai,TL,2022-09-17 02:07:18,-8.9266,125.4092,79.18,25,75,3.0
7,Caravelas,BR,2022-09-17 02:07:18,-17.7125,-39.2481,71.31,90,0,5.91
8,Chokurdakh,RU,2022-09-17 02:07:19,70.6333,147.9167,37.13,71,90,2.75
9,Hithadhoo,MV,2022-09-17 02:07:19,-0.6,73.0833,81.25,74,100,6.44
10,Narsaq,GL,2022-09-17 02:07:19,60.9167,-46.05,59.22,69,100,14.47
11,Los Llanos De Aridane,ES,2022-09-17 02:07:20,28.6585,-17.9182,71.35,86,0,5.99
12,Tiznit,MA,2022-09-17 02:07:20,29.5833,-9.5,64.63,91,75,5.03
13,Kachiry,KZ,2022-09-17 02:07:21,53.0675,76.1036,47.71,57,10,6.08
14,Itoman,JP,2022-09-17 02:07:21,26.1247,127.6694,86.02,86,75,24.16
15,Vila Franca Do Campo,PT,2022-09-17 02:07:21,37.7167,-25.4333,71.2,92,79,5.3
16,Rikitea,PF,2022-09-17 02:07:22,-23.1203,-134.9692,72.27,72,0,15.55
17,Ushuaia,AR,2022-09-17 02:07:23,-54.8,-68.3,42.46,61,75,6.91
18,Kodiak,US,2022-09-17 02:07:23,57.79,-152.4072,53.11,87,100,10.36
19,Avarua,CK,2022-09-17 02:07:24,-21.2078,-159.775,80.65,61,20,14.97
20,Busselton,AU,2022-09-17 02:07:24,-33.65,115.3333,59.7,81,100,10.16
21,Chuy,UY,2022-09-17 02:07:25,-33.6971,-53.4616,56.07,79,0,11.56
22,Qaanaaq,GL,2022-09-17 02:07:25,77.484,-69.3632,26.1,79,41,7.25
23,Suntar,RU,2022-09-17 02:07:26,62.1444,117.6319,46.89,70,14,9.37
24,Pachino,IT,2022-09-17 02:07:26,36.7186,15.0907,76.75,80,1,10.36
25,Cardston,CA,2022-09-17 02:07:26,49.2,-113.3019,59.32,37,2,8.7
26,Mount Isa,AU,2022-09-17 02:07:27,-20.7333,139.5,87.57,13,0,9.22
27,Ribeira Grande,PT,2022-09-17 02:07:27,38.5167,-28.7,73.54,85,40,10.58
28,Zyryanka,RU,2022-09-17 02:07:27,65.75,150.85,42.76,57,81,4.81
29,Stromness,GB,2022-09-17 02:07:28,58.965,-3.296,50.88,82,100,13.0
30,Bluff,NZ,2022-09-17 02:07:28,-46.6,168.3333,50.2,60,17,8.43
31,Kruisfontein,ZA,2022-09-17 02:07:29,-34.0033,24.7314,55.89,81,100,10.07
32,Mehamn,NO,2022-09-17 02:07:29,71.0357,27.8492,46.35,93,100,18.41
33,Galveston,US,2022-09-17 02:07:29,29.3669,-94.9669,81.18,88,0,10.36
34,Kars,TR,2022-09-17 02:07:30,40.602,43.095,45.05,70,0,2.3
35,Udachnyy,RU,2022-09-17 02:07:30,66.4167,112.4,31.64,72,100,23.64
36,Butaritari,KI,2022-09-17 02:07:31,3.0707,172.7902,82.26,71,48,14.23
37,Cherskiy,RU,2022-09-17 02:07:31,68.75,161.3,40.5,64,94,13.51
38,Castro,BR,2022-09-17 02:07:32,-24.7911,-50.0119,48.9,94,69,9.42
39,Mazatlan,MX,2022-09-17 02:05:04,23.2167,-106.4167,88.02,84,75,8.05
40,New Norfolk,AU,2022-09-17 02:07:32,-42.7826,147.0587,59.72,65,100,3.0
41,Mazagao,BR,2022-09-17 02:07:33,-0.115,-51.2894,84.25,96,48,4.16
42,Fairbanks,US,2022-09-17 02:05:02,64.8378,-147.7164,61.09,57,75,4.61
43,Pampierstad,ZA,2022-09-17 02:07:33,-27.7832,24.6877,60.37,29,17,8.05
44,Kayerkan,RU,2022-09-17 02:07:33,69.3497,87.7602,32.85,81,97,1.3
45,Papetoai,PF,2022-09-17 02:07:34,-17.4961,-149.8729,83.79,68,2,22.08
46,Kokoda,PG,2022-09-17 02:07:34,-8.8785,147.7407,88.2,57,94,6.4
47,Constitucion,CL,2022-09-17 02:07:34,-35.3333,-72.4167,53.29,95,100,8.3
48,Norrtalje,SE,2022-09-17 02:07:35,59.758,18.705,51.03,95,100,12.77
49,Baker City,US,2022-09-17 02:04:57,44.7749,-117.8344,65.19,51,40,13.8
50,Taoudenni,ML,2022-09-17 02:07:35,22.6783,-3.9836,90.27,17,0,10.47
51,Bambous Virieux,MU,2022-09-17 02:07:36,-20.3428,57.7575,70.21,78,40,13.8
52,Avera,US,2022-09-17 02:07:36,33.194,-82.5271,71.11,63,0,6.73
53,San Cristobal,VE,2022-09-17 02:07:37,7.7669,-72.225,75.38,95,99,2.01
54,Rio Gallegos,AR,2022-09-17 02:07:37,-51.6226,-69.2181,37.45,70,75,6.91
55,Hilo,US,2022-09-17 02:06:31,19.7297,-155.09,87.28,78,75,11.5
56,Isangel,VU,2022-09-17 02:07:37,-19.55,169.2667,78.19,66,77,11.43
57,Port Alfred,ZA,2022-09-17 02:07:38,-33.5906,26.891,59.18,88,100,4.0
58,Port Augusta,AU,2022-09-17 02:07:38,-32.5,137.7667,60.13,50,100,20.24
59,Skibbereen,IE,2022-09-17 02:07:39,51.55,-9.2667,48.25,81,2,4.97
60,Chapais,CA,2022-09-17 02:02:46,49.7834,-74.8492,41.49,74,6,1.57
61,Saint-Philippe,RE,2022-09-17 02:07:39,-21.3585,55.7679,67.59,83,44,15.99
62,Atuona,PF,2022-09-17 02:07:40,-9.8,-139.0333,76.68,71,10,18.66
63,Emerald,AU,2022-09-17 02:07:13,-23.5333,148.1667,78.35,50,38,12.1
64,Severo-Kurilsk,RU,2022-09-17 02:07:40,50.6789,156.125,52.77,71,14,16.53
65,Khatanga,RU,2022-09-17 02:07:40,71.9667,102.5,30.02,91,96,15.41
66,Guerrero Negro,MX,2022-09-17 02:07:41,27.9769,-114.0611,70.09,77,0,18.5
67,Hue,VN,2022-09-17 02:07:41,16.4667,107.6,86.11,70,40,5.75
68,Dubovka,RU,2022-09-17 02:07:42,49.0583,44.829,63.55,91,96,14.12
69,San Juan,AR,2022-09-17 02:04:38,-31.5375,-68.5364,70.36,19,100,12.75
70,Ponta Do Sol,PT,2022-09-17 02:07:42,32.6667,-17.1,75.7,71,22,8.14
71,Dunedin,NZ,2022-09-17 02:07:43,-45.8742,170.5036,54.81,62,35,1.99
72,Kumluca,TR,2022-09-17 02:07:43,36.3703,30.2869,79.84,47,0,2.91
73,Arraial Do Cabo,BR,2022-09-17 02:07:44,-22.9661,-42.0278,66.34,74,99,9.17
74,Vao,NC,2022-09-17 02:07:44,-22.6667,167.4833,71.42,70,81,15.7
75,Varhaug,NO,2022-09-17 02:07:44,58.6147,5.6457,51.89,70,60,34.43
76,Rincon,US,2022-09-17 02:07:45,32.296,-81.2354,75.85,78,40,4.61
77,Gladstone,AU,2022-09-17 02:07:45,-23.85,151.25,73.33,88,100,3.44
78,Tsumeb,NA,2022-09-17 02:07:46,-19.2333,17.7167,65.8,18,0,7.94
79,Mar Del Plata,AR,2022-09-17 02:07:46,-38.0023,-57.5575,58.08,92,0,15.99
80,Richards Bay,ZA,2022-09-17 02:07:47,-28.783,32.0377,70.95,65,5,14.0
81,Bethel,US,2022-09-17 02:07:47,41.3712,-73.414,63.48,78,0,3.44
82,Manado,ID,2022-09-17 02:07:47,1.487,124.8455,88.57,66,20,2.3
83,Puerto Ayora,EC,2022-09-17 02:07:48,-0.7393,-90.3518,65.55,93,22,7.87
84,Nizhneangarsk,RU,2022-09-17 02:07:49,55.7833,109.55,48.18,50,1,7.25
85,Mogadishu,SO,2022-09-17 02:06:26,2.0371,45.3438,77.09,78,100,15.77
86,Lagoa,PT,2022-09-17 02:07:49,39.05,-27.9833,72.73,83,41,11.77
87,Tiksi,RU,2022-09-17 02:07:49,71.6872,128.8694,36.75,97,100,7.27
88,Pisco,PE,2022-09-17 02:07:31,-13.7,-76.2167,59.05,88,75,6.91
89,Esperance,AU,2022-09-17 02:07:50,-33.8667,121.9,59.31,67,48,13.58
90,Zhigansk,RU,2022-09-17 02:07:50,66.7697,123.3711,39.76,66,43,16.91
91,Yellowknife,CA,2022-09-17 02:07:51,62.456,-114.3525,59.56,67,57,8.99
92,Batagay-Alyta,RU,2022-09-17 02:07:51,67.8006,130.4114,43.05,55,90,9.62
93,Yar-Sale,RU,2022-09-17 02:07:52,66.8333,70.8333,48.99,74,100,8.55
94,Cape Town,ZA,2022-09-17 02:07:52,-33.9258,18.4232,56.12,85,95,1.99
95,Culfa,AZ,2022-09-17 02:07:53,38.9558,45.6308,64.27,53,0,2.86
96,Quirinopolis,BR,2022-09-17 02:04:01,-18.4483,-50.4517,75.81,45,29,6.24
97,Aden,YE,2022-09-17 02:07:53,12.7794,45.0367,86.23,79,100,12.97
98,Bardiyah,LY,2022-09-17 02:07:53,31.7561,25.0865,71.17,63,0,2.93
99,Puerto Escondido,MX,2022-09-17 02:05:31,15.85,-97.0667,79.63,57,100,4.61
100,Vardo,NO,2022-09-17 02:07:54,70.3705,31.1107,46.38,100,100,27.63
101,Salalah,OM,2022-09-17 02:05:57,17.0151,54.0924,78.89,94,75,0.0
102,Sao Joao Do Paraiso,BR,2022-09-17 02:07:54,-15.3136,-42.0144,68.74,66,0,6.49
103,Jamestown,US,2022-09-17 02:06:19,42.097,-79.2353,64.04,76,0,0.0
104,Bredasdorp,ZA,2022-09-17 02:07:55,-34.5322,20.0403,52.03,92,56,3.29
105,Upington,ZA,2022-09-17 02:07:55,-28.4478,21.2561,62.87,40,98,4.38
106,Raga,SS,2022-09-17 02:07:56,8.4596,25.678,68.36,99,100,4.92
107,Geraldton,AU,2022-09-17 02:07:56,-28.7667,114.6,64.81,72,0,8.05
108,La Ronge,CA,2022-09-17 02:07:57,55.1001,-105.2842,56.75,58,95,7.72
109,Yumen,CN,2022-09-17 02:07:57,40.2833,97.2,65.62,25,0,10.83
110,Port Elizabeth,ZA,2022-09-17 02:05:01,-33.918,25.5701,60.31,84,100,1.99
111,Sabha,LY,2022-09-17 02:07:57,27.0377,14.4283,80.44,19,0,7.16
112,Mahebourg,MU,2022-09-17 02:07:58,-20.4081,57.7,70.25,78,40,13.8
113,Hofn,IS,2022-09-17 02:07:58,64.2539,-15.2082,48.02,66,98,6.42
114,Carnarvon,AU,2022-09-17 02:07:59,-24.8667,113.6333,71.22,42,0,10.8
115,Codrington,AU,2022-09-17 02:07:59,-38.2667,141.9667,53.19,87,100,23.09
116,Grindavik,IS,2022-09-17 02:08:00,63.8424,-22.4338,46.87,93,100,2.3
117,Huilong,CN,2022-09-17 02:08:00,31.8111,121.655,78.8,76,37,6.24
118,Hambantota,LK,2022-09-17 02:08:00,6.1241,81.1185,73.74,100,20,5.75
119,Vaini,TO,2022-09-17 02:08:01,-21.2,-175.2,80.76,78,75,4.61
120,Port Macquarie,AU,2022-09-17 02:08:01,-31.4333,152.9167,77.9,38,2,8.46
121,Nabire,ID,2022-09-17 02:08:02,-3.3667,135.4833,75.16,97,100,6.42
122,Le Port,RE,2022-09-17 02:08:02,-20.9373,55.2919,68.0,75,14,10.42
123,Pacific Grove,US,2022-09-17 02:06:00,36.6177,-121.9166,68.54,82,40,10.36
124,San Ramon,US,2022-09-17 02:06:05,37.7799,-121.978,71.73,65,0,13.8
125,Redlands,US,2022-09-17 02:07:10,34.0556,-117.1825,80.26,54,0,9.22
126,Lorengau,PG,2022-09-17 02:08:03,-2.0226,147.2712,86.14,58,42,9.01
127,Taltal,CL,2022-09-17 02:08:03,-25.4,-70.4833,54.37,83,32,2.24
128,Tuktoyaktuk,CA,2022-09-17 02:08:04,69.4541,-133.0374,39.61,80,97,4.12
129,Hobart,AU,2022-09-17 02:07:05,-42.8794,147.3294,60.06,67,75,9.22
130,Muros,ES,2022-09-17 02:08:04,42.7762,-9.0603,64.17,80,100,8.1
131,Smiths Falls,CA,2022-09-17 02:04:18,44.9001,-76.0161,54.55,71,83,4.83
132,Saint George,US,2022-09-17 02:08:05,37.1041,-113.5841,84.63,30,0,6.91
133,Wakkanai,JP,2022-09-17 02:08:05,45.4094,141.6739,66.45,75,100,4.76
134,Nemuro,JP,2022-09-17 02:08:06,43.3236,145.575,65.53,88,100,12.03
135,Longyearbyen,SJ,2022-09-17 02:08:06,78.2186,15.6401,26.4,92,67,4.45
136,San Pedro,PH,2022-09-17 02:08:07,14.35,121.0167,85.32,72,51,12.17
137,Reshetylivka,UA,2022-09-17 02:08:07,49.565,34.0782,52.63,81,25,4.25
138,Rajpipla,IN,2022-09-17 02:08:07,21.8667,73.5,76.06,95,100,5.17
139,Itarema,BR,2022-09-17 02:08:08,-2.9248,-39.9167,77.74,80,29,15.64
140,Hovd,MN,2022-09-17 02:08:08,48.0056,91.6419,44.91,62,85,4.79
141,Lima,PE,2022-09-17 02:04:33,-12.0432,-77.0282,59.9,84,100,9.22
142,Samarai,PG,2022-09-17 02:08:09,-10.6167,150.6667,84.09,74,19,13.8
143,Brokopondo,SR,2022-09-17 02:08:09,4.75,-55.1667,78.75,83,84,9.13
144,Vostok,RU,2022-09-17 02:08:10,46.4856,135.8833,52.56,99,100,4.61
145,Esik,KZ,2022-09-17 02:08:10,43.3552,77.4525,44.02,27,2,3.58
146,Vrangel,RU,2022-09-17 02:08:11,42.7297,133.0839,61.63,97,100,18.03
147,Yaring,TH,2022-09-17 02:08:11,6.8662,101.3689,83.79,69,57,9.69
148,Baijiantan,CN,2022-09-17 02:08:12,45.6333,85.1833,59.32,39,66,6.93
149,Lazarev,RU,2022-09-17 02:08:12,52.225,141.5131,54.81,63,24,5.73
150,Vestmanna,FO,2022-09-17 02:08:12,62.1564,-7.1664,47.32,81,75,9.22
151,Groningen,NL,2022-09-17 02:08:13,53.25,6.75,53.04,81,71,6.91
152,Kahului,US,2022-09-17 02:08:13,20.8947,-156.47,91.42,55,40,10.36
153,Kharan,PK,2022-09-17 02:08:14,28.5833,65.4167,77.74,11,0,4.16
154,Eltham,NZ,2022-09-17 02:08:14,-39.4292,174.3,57.69,57,97,5.39
155,Auki,SB,2022-09-17 02:08:14,-8.7676,160.7034,83.41,73,18,2.3
156,Okhotsk,RU,2022-09-17 02:08:15,59.3833,143.3,51.33,41,0,15.75
157,Bisho,ZA,2022-09-17 02:08:16,-32.8472,27.4422,57.58,87,87,6.78
158,Upernavik,GL,2022-09-17 02:08:16,72.7868,-56.1549,34.41,87,9,15.17
159,Luderitz,NA,2022-09-17 02:08:16,-26.6481,15.1594,61.7,73,93,9.82
160,Mega,ET,2022-09-17 02:08:17,4.05,38.3,56.3,84,53,15.61
161,Georgetown,MY,2022-09-17 02:03:55,5.4112,100.3354,84.13,79,20,2.3
162,Moron,AR,2022-09-17 02:08:17,-34.6534,-58.6198,67.01,75,100,11.07
163,Hamilton,US,2022-09-17 02:06:55,39.1834,-84.5333,71.89,81,0,4.61
164,Vama,RO,2022-09-17 02:08:18,47.5667,25.6833,58.77,92,100,2.53
165,Marystown,CA,2022-09-17 02:08:18,47.1666,-55.1483,55.4,86,47,13.04
166,Katsuura,JP,2022-09-17 02:08:18,35.1333,140.3,82.2,66,100,10.2
167,Pitimbu,BR,2022-09-17 02:08:19,-7.4706,-34.8086,73.99,76,36,8.12
168,Cockburn Town,TC,2022-09-17 02:08:19,21.4612,-71.1419,83.7,78,95,20.78
169,Gamba,GA,2022-09-17 02:08:20,-2.65,10.0,74.37,85,92,4.59
170,Tessalit,ML,2022-09-17 02:08:20,20.1986,1.0114,87.26,36,91,12.73
171,Beberibe,BR,2022-09-17 02:08:20,-4.1797,-38.1306,77.34,80,11,11.39
172,Seoul,KR,2022-09-17 02:04:28,37.5683,126.9778,76.39,79,88,3.27
173,Lavrentiya,RU,2022-09-17 02:08:21,65.5833,-171.0,44.24,92,100,22.66
174,Leeton,AU,2022-09-17 02:08:21,-34.5667,146.4,59.05,55,100,18.41
175,Ronneby,SE,2022-09-17 02:08:22,56.21,15.276,46.9,100,100,3.44
176,Luan,CH,2022-09-17 02:08:22,46.3592,6.9759,43.93,88,99,1.99
177,Port Hardy,CA,2022-09-17 02:08:23,50.6996,-127.4199,53.78,79,100,2.93
178,Sept-Iles,CA,2022-09-17 02:04:00,50.2001,-66.3821,51.06,66,97,4.0
179,Lompoc,US,2022-09-17 02:08:23,34.6391,-120.4579,66.34,85,20,17.27
180,Hermanus,ZA,2022-09-17 02:08:24,-34.4187,19.2345,54.81,83,73,5.53
181,Bida,NG,2022-09-17 02:08:24,9.0833,6.0167,75.24,92,100,4.45
182,Barrow,US,2022-09-17 02:08:25,71.2906,-156.7887,33.82,86,100,27.63
183,Marfino,RU,2022-09-17 02:08:25,55.7028,37.3822,48.11,92,0,6.71
184,Sechura,PE,2022-09-17 02:08:25,-5.5569,-80.8222,65.71,80,31,14.2
185,Vila,PT,2022-09-17 02:08:26,42.0304,-8.1588,56.28,90,100,3.51
186,Sibu,MY,2022-09-17 02:05:16,2.3,111.8167,84.94,71,100,0.47
187,Berlevag,NO,2022-09-17 02:08:26,70.8578,29.0864,46.4,93,75,28.77
188,Puerto Madryn,AR,2022-09-17 02:08:27,-42.7692,-65.0385,46.42,78,100,12.53
189,Brinkovskaya,RU,2022-09-17 02:08:27,46.0347,38.5869,67.75,90,100,6.02
190,Poddorye,RU,2022-09-17 02:08:27,57.4695,31.1156,48.65,88,100,9.28
191,Mama,RU,2022-09-17 02:08:28,58.3106,112.8986,51.19,59,17,5.41
192,Bilibino,RU,2022-09-17 02:08:28,68.0546,166.4372,36.18,74,100,9.91
193,Dikson,RU,2022-09-17 02:08:29,73.5069,80.5464,32.52,86,21,7.54
194,Igrim,RU,2022-09-17 02:08:29,63.1906,64.4162,47.59,71,100,7.11
195,Kwinana,AU,2022-09-17 02:08:29,-32.25,115.7667,66.34,92,100,1.01
196,Hrodna,BY,2022-09-17 02:08:30,53.6884,23.8258,51.89,71,100,14.67
197,Shemgang,BT,2022-09-17 02:08:30,27.2169,90.6579,63.19,89,66,0.89
198,Yenagoa,NG,2022-09-17 02:08:30,4.9247,6.2642,73.85,94,100,3.29
199,Nishihara,JP,2022-09-17 02:08:31,26.1842,127.7558,85.28,87,100,24.16
200,Zhangye,CN,2022-09-17 02:08:31,38.9342,100.4517,69.39,35,0,1.32
201,Mabama,TZ,2022-09-17 02:08:31,-5.1333,32.5333,67.96,55,4,7.85
202,Salinopolis,BR,2022-09-17 02:08:32,-0.6136,-47.3561,79.97,78,84,13.15
203,Ambilobe,MG,2022-09-17 02:08:32,-13.2,49.05,64.89,80,1,4.61
204,Marsa Matruh,EG,2022-09-17 02:08:33,31.3525,27.2453,71.1,67,0,1.07
205,Talitsa,RU,2022-09-17 02:08:33,56.8804,60.0213,50.54,93,97,4.27
206,Iqaluit,CA,2022-09-17 02:08:33,63.7506,-68.5145,38.7,86,45,3.91
207,Fukue,JP,2022-09-17 02:08:34,32.6881,128.8419,77.49,87,100,13.4
208,Nanortalik,GL,2022-09-17 02:08:34,60.1432,-45.2371,47.3,89,100,9.44
209,Sao Filipe,CV,2022-09-17 02:08:35,14.8961,-24.4956,77.81,84,15,8.79
210,Lujan,AR,2022-09-17 02:08:35,-34.5703,-59.105,64.81,70,100,3.0
211,Bathsheba,BB,2022-09-17 02:08:35,13.2167,-59.5167,84.81,84,40,18.41
212,Alappuzha,IN,2022-09-17 02:08:36,9.49,76.3264,79.0,81,75,3.98
213,Tezu,IN,2022-09-17 02:08:36,27.9167,96.1667,78.91,92,99,1.81
214,Chemodanovka,RU,2022-09-17 02:08:37,53.2316,45.2474,55.24,98,100,5.68
215,Vinh,VN,2022-09-17 02:07:50,18.6667,105.6667,82.83,78,99,3.65
216,Kavaratti,IN,2022-09-17 02:08:37,10.5669,72.642,80.62,78,25,10.49
217,Coquimbo,CL,2022-09-17 02:08:38,-29.9533,-71.3436,55.13,82,100,8.05
218,Mayo,US,2022-09-17 02:08:38,38.8876,-76.5119,70.18,91,0,0.0
219,Ampanihy,MG,2022-09-17 02:08:38,-24.7,44.75,66.29,71,0,6.46
220,Scottsbluff,US,2022-09-17 02:08:39,41.8666,-103.6672,64.29,68,0,1.01
221,Sao Jose Da Coroa Grande,BR,2022-09-17 02:08:39,-8.8978,-35.1478,73.89,73,26,5.99
222,Goderich,CA,2022-09-17 02:08:40,43.7501,-81.7165,64.9,69,52,6.89
223,Sorland,NO,2022-09-17 02:08:40,67.667,12.6934,53.46,81,100,11.36
224,North Bend,US,2022-09-17 02:07:56,43.4065,-124.2243,62.85,91,0,14.97
225,Hakkari,TR,2022-09-17 02:08:41,37.5833,44.1667,44.38,65,0,1.14
226,Inta,RU,2022-09-17 02:08:41,66.0317,60.1659,49.98,70,100,5.82
227,Mayumba,GA,2022-09-17 02:08:41,-3.432,10.6554,73.92,88,100,5.32
228,Torbay,CA,2022-09-17 02:05:33,47.6666,-52.7314,57.58,91,12,4.0
229,Belyy Yar,RU,2022-09-17 02:08:42,53.6039,91.3903,48.09,56,0,8.95
230,Barrancabermeja,CO,2022-09-17 02:08:42,7.0653,-73.8547,76.68,89,100,0.34
231,Yen Bai,VN,2022-09-17 02:08:43,21.7,104.8667,79.23,93,100,0.83
232,Victoria,HK,2022-09-17 02:04:09,22.2855,114.1577,92.97,68,4,5.01
233,Nikolskoye,RU,2022-09-17 02:08:43,59.7035,30.7861,47.91,97,79,6.87
234,Milan,IT,2022-09-17 02:08:44,45.4643,9.1895,67.87,81,75,10.36
235,Asau,RO,2022-09-17 02:08:44,46.4333,26.4,59.92,93,37,2.59
236,Chitral,PK,2022-09-17 02:08:44,35.8462,71.7858,69.39,43,99,3.06
237,Aurillac,FR,2022-09-17 02:08:39,44.9167,2.45,46.0,89,20,3.44
238,Resplendor,BR,2022-09-17 02:08:45,-19.3256,-41.2553,69.82,90,100,5.12
239,Cabo San Lucas,MX,2022-09-17 02:05:08,22.8909,-109.9124,87.06,74,20,6.91
240,Klaksvik,FO,2022-09-17 02:08:46,62.2266,-6.589,49.12,84,100,11.45
241,Ankang,CN,2022-09-17 02:08:46,32.68,109.0172,70.99,79,100,1.3
242,Mitu,CO,2022-09-17 02:08:46,1.1983,-70.1733,71.64,98,100,1.16
243,Ahipara,NZ,2022-09-17 02:08:47,-35.1667,173.1667,58.55,52,82,6.17
244,Teguldet,RU,2022-09-17 02:08:47,57.3064,88.1667,46.53,79,70,2.42
245,Jiazi,CN,2022-09-17 02:08:48,22.8779,116.067,85.06,61,0,1.72
246,Bumbuna,SL,2022-09-17 02:08:48,9.05,-11.7333,72.91,100,100,1.48
247,Hualmay,PE,2022-09-17 02:08:48,-11.0964,-77.6139,62.47,84,37,8.16
248,Pevek,RU,2022-09-17 02:08:49,69.7008,170.3133,36.3,73,100,11.99
249,Tromso,NO,2022-09-17 02:08:49,69.6496,18.957,48.22,76,100,14.97
250,East London,ZA,2022-09-17 02:08:49,-33.0153,27.9116,63.86,80,100,16.53
251,Lahat,ID,2022-09-17 02:08:50,-3.8,103.5333,83.84,64,66,2.21
252,Sawakin,SD,2022-09-17 02:08:50,19.1059,37.3321,86.99,50,82,8.63
253,Viedma,AR,2022-09-17 02:08:51,-40.8135,-62.9967,50.61,78,100,8.05
254,Pundaguitan,PH,2022-09-17 02:08:51,6.3711,126.1689,84.27,69,100,8.28
255,Suratgarh,IN,2022-09-17 02:08:51,29.3167,73.9,87.46,44,0,10.29
256,Tigil,RU,2022-09-17 02:08:52,57.8,158.6667,51.94,57,89,15.05
257,Muzhi,RU,2022-09-17 02:08:52,65.3667,64.6667,48.54,69,100,8.08
258,Ancud,CL,2022-09-17 02:04:15,-41.8697,-73.8203,39.22,75,86,5.55
259,Kodinsk,RU,2022-09-17 02:08:53,58.6881,99.1844,44.55,81,96,3.8
260,Poum,NC,2022-09-17 02:08:53,-20.2333,164.0167,75.97,65,0,15.21
261,Aktau,KZ,2022-09-17 02:08:53,43.65,51.2,59.58,49,92,12.24
262,Manono,CD,2022-09-17 02:08:54,-7.3,27.4167,79.03,37,84,3.78
263,Kaduqli,SD,2022-09-17 02:08:54,11.0167,29.7167,70.34,95,100,2.48
264,Galesong,ID,2022-09-17 02:08:55,-5.3166,119.3661,86.02,56,55,1.74
265,Shipunovo,RU,2022-09-17 02:08:55,52.1582,82.2173,45.64,60,0,12.06
266,Bani Walid,LY,2022-09-17 02:08:56,31.7566,13.9942,70.29,76,0,3.44
267,Broome,US,2022-09-17 02:08:56,42.2506,-75.833,61.66,76,100,3.44
268,Mahibadhoo,MV,2022-09-17 02:08:56,3.7833,72.9667,81.36,69,5,4.43
269,Bonavista,CA,2022-09-17 02:08:57,48.6499,-53.1147,55.62,86,70,13.89
270,Namatanai,PG,2022-09-17 02:08:57,-3.6667,152.4333,85.41,60,17,8.1
271,Pangnirtung,CA,2022-09-17 02:08:58,66.1451,-65.7125,40.77,73,100,5.97
272,Sisophon,KH,2022-09-17 02:08:58,13.5859,102.9737,81.63,78,100,6.35
273,Touros,BR,2022-09-17 02:08:59,-5.1989,-35.4608,74.48,80,30,11.72
274,Hami,CN,2022-09-17 02:08:59,42.8,93.45,70.2,14,0,1.52
275,Mindelo,CV,2022-09-17 02:08:59,16.8901,-24.9804,78.35,78,40,19.57
276,Lebu,CL,2022-09-17 02:09:00,-37.6167,-73.65,45.18,93,100,14.43
277,Cabinda,AO,2022-09-17 02:09:00,-5.55,12.2,73.11,91,88,5.7
278,Homer,US,2022-09-17 02:09:01,59.6425,-151.5483,53.8,76,100,4.61
279,Urumqi,CN,2022-09-17 02:09:01,43.801,87.6005,56.35,33,0,2.24
280,Alice Springs,AU,2022-09-17 02:09:01,-23.7,133.8833,69.35,28,0,10.36
281,Akyab,MM,2022-09-17 02:09:02,20.15,92.9,81.07,83,69,5.21
282,Road Town,VG,2022-09-17 02:09:02,18.4167,-64.6167,82.49,76,36,28.1
283,Sambava,MG,2022-09-17 02:09:03,-14.2667,50.1667,66.63,87,10,9.24
284,Padang,ID,2022-09-17 02:09:03,-0.9492,100.3543,82.45,78,50,3.76
285,Limbang,MY,2022-09-17 02:09:04,4.75,115.0,86.11,63,100,0.67
286,Torata,PE,2022-09-17 02:09:04,-17.0769,-70.8433,54.72,39,0,0.63
287,Marsh Harbour,BS,2022-09-17 02:05:32,26.5412,-77.0636,83.7,74,40,11.21
288,Timbiqui,CO,2022-09-17 02:09:05,2.7717,-77.6654,74.16,94,100,3.76
289,Panama City,PA,2022-09-17 02:09:05,8.9936,-79.5197,77.16,92,75,9.22
290,Kloulklubed,PW,2022-09-17 02:09:05,7.0419,134.2556,88.3,66,44,6.11
291,Petatlan,MX,2022-09-17 02:09:06,17.5167,-101.2667,77.22,93,100,2.98
292,Lulea,SE,2022-09-17 02:09:06,65.5842,22.1547,51.87,87,100,8.05
293,Karwar,IN,2022-09-17 02:09:06,14.8,74.1333,77.58,87,83,5.5
294,Rio Grande,BR,2022-09-17 02:09:07,-32.035,-52.0986,57.94,80,0,14.72
295,Wadi Maliz,TN,2022-09-17 02:09:07,36.4681,8.5495,75.06,79,90,3.8
296,Izmalkovo,RU,2022-09-17 02:09:08,52.6887,37.964,47.55,90,61,7.4
297,Walvis Bay,NA,2022-09-17 02:09:08,-22.9575,14.5053,57.09,97,26,7.11
298,Ahvaz,IR,2022-09-17 02:09:08,31.3203,48.6693,82.96,20,0,9.24
299,Bloemfontein,ZA,2022-09-17 02:09:09,-29.1211,26.214,56.64,32,46,6.98
300,Vilhena,BR,2022-09-17 02:09:09,-12.7406,-60.1458,76.33,47,65,2.71
301,Seymchan,RU,2022-09-17 02:09:09,62.8833,152.4333,42.57,51,97,13.02
302,Lasa,IT,2022-09-17 02:09:10,46.6166,10.7002,54.36,95,99,7.9
303,Leningradskiy,RU,2022-09-17 02:09:10,69.3833,178.4167,35.26,98,100,16.42
304,Alim,PH,2022-09-17 02:09:10,9.5649,122.4876,82.62,79,100,10.2
305,Uvira,CD,2022-09-17 02:09:11,-3.4067,29.1458,74.93,63,56,1.86
306,Strezhevoy,RU,2022-09-17 02:09:11,60.7333,77.5889,47.53,73,100,5.14
307,Nalagarh,IN,2022-09-17 02:09:12,31.05,76.7167,74.32,90,84,6.02
308,Yulara,AU,2022-09-17 02:09:12,-25.2406,130.9889,69.06,23,0,10.56
309,Smithers,CA,2022-09-17 02:07:07,54.7804,-127.1743,51.82,62,61,4.36
310,Hurghada,EG,2022-09-17 02:09:13,27.2574,33.8129,79.32,34,0,13.27
311,Kavieng,PG,2022-09-17 02:09:13,-2.5744,150.7967,85.75,61,23,12.08
312,Kendari,ID,2022-09-17 02:09:13,-3.945,122.4989,84.65,65,100,1.61
313,Gubkinskiy,RU,2022-09-17 02:09:14,64.434,76.5026,48.83,76,100,9.46
314,Kaitangata,NZ,2022-09-17 02:09:14,-46.2817,169.8464,55.22,50,8,2.64
315,Fortuna,US,2022-09-17 02:09:15,40.5982,-124.1573,60.91,76,66,5.99
316,Broken Hill,AU,2022-09-17 02:09:15,-31.95,141.4333,58.42,50,56,26.35
317,Manakara,MG,2022-09-17 02:09:16,-22.1333,48.0167,66.87,90,96,5.03
318,Sur,OM,2022-09-17 02:09:16,22.5667,59.5289,84.94,67,75,4.88
319,Tazovskiy,RU,2022-09-17 02:09:16,67.4667,78.7,37.42,94,100,15.93
320,Goranboy,AZ,2022-09-17 02:09:17,40.6103,46.7897,66.49,72,1,0.56
321,Buraydah,SA,2022-09-17 02:09:17,26.326,43.975,80.65,22,0,7.81
322,Cayenne,GF,2022-09-17 02:09:18,4.9333,-52.3333,77.04,88,0,2.3
323,Haines Junction,CA,2022-09-17 02:09:18,60.7522,-137.5108,53.17,50,6,1.92
324,Lucea,JM,2022-09-17 02:09:18,18.451,-78.1736,84.06,79,13,6.11
325,Port Blair,IN,2022-09-17 02:09:19,11.6667,92.75,82.65,77,97,16.98
326,Khuzhir,RU,2022-09-17 02:09:19,53.1939,107.3397,49.73,50,25,10.36
327,Saint-Augustin,CA,2022-09-17 02:09:19,51.226,-58.6502,47.37,74,97,22.86
328,Comodoro Rivadavia,AR,2022-09-17 02:09:20,-45.8667,-67.5,42.66,52,0,5.75
329,Tra Vinh,VN,2022-09-17 02:08:05,9.9347,106.3453,85.41,71,42,9.35
330,Kutum,SD,2022-09-17 02:09:20,14.2,24.6667,68.16,80,100,13.18
331,Vanimo,PG,2022-09-17 02:09:21,-2.6741,141.3028,84.02,71,66,8.61
332,La Asuncion,VE,2022-09-17 02:09:21,11.0333,-63.8628,80.6,85,98,5.7
333,Sayyan,YE,2022-09-17 02:09:21,15.1718,44.3244,61.9,56,39,2.53
334,Sandwick,GB,2022-09-17 02:09:22,60.0,-1.25,46.22,81,40,9.22
335,Kashi,CN,2022-09-17 02:09:22,39.4547,75.9797,71.58,29,100,6.06
336,Bairiki,KI,2022-09-17 02:09:23,1.3292,172.9752,87.8,62,20,8.05
337,Korla,CN,2022-09-17 02:09:23,41.7597,86.1469,70.81,22,0,5.3
338,Bulgan,MN,2022-09-17 02:09:23,48.8125,103.5347,41.2,76,25,1.3
339,Bozdar,PK,2022-09-17 02:09:24,27.1828,68.636,80.64,73,0,11.79
340,Anadyr,RU,2022-09-17 02:09:24,64.75,177.4833,42.49,86,100,31.45
341,Oranjemund,NA,2022-09-17 02:09:25,-28.55,16.4333,54.27,93,8,6.17
342,Komsomolskiy,UZ,2022-09-17 02:09:25,40.4272,71.7189,61.52,48,60,4.61
343,Imbituba,BR,2022-09-17 02:09:26,-28.24,-48.6703,56.91,87,4,0.2
344,Port Moresby,PG,2022-09-17 02:09:26,-9.4431,147.1797,85.21,68,57,6.87
345,Thompson,CA,2022-09-17 02:07:24,55.7435,-97.8558,54.09,59,88,5.57
346,Shubarkuduk,KZ,2022-09-17 02:09:27,49.1447,56.4872,60.35,85,97,6.53
347,Nueva Helvecia,UY,2022-09-17 02:09:27,-34.3,-57.2333,60.6,76,91,15.57
348,Concarneau,FR,2022-09-17 02:09:28,47.875,-3.9225,50.79,80,0,6.6
349,Trelew,AR,2022-09-17 02:09:03,-43.249,-65.3051,44.47,79,99,10.36
350,Shenjiamen,CN,2022-09-17 02:09:28,29.9576,122.298,78.87,77,2,13.04
351,Sirjan,IR,2022-09-17 02:09:29,29.452,55.6814,69.71,23,0,3.04
352,Joacaba,BR,2022-09-17 02:06:08,-27.1781,-51.5047,52.03,92,0,5.88
353,Kinablangan,PH,2022-09-17 02:09:29,7.6947,126.5503,85.35,64,100,6.17
354,Saint-Louis,SN,2022-09-17 02:09:29,16.3333,-15.0,84.67,64,100,17.36
355,Karratha,AU,2022-09-17 02:09:30,-20.7377,116.8463,82.02,20,13,17.63
356,Sonkovo,RU,2022-09-17 02:09:30,57.7782,37.1571,41.7,94,1,7.4
357,Gimli,CA,2022-09-17 02:09:31,50.6336,-96.9907,54.43,96,100,14.36
358,Kishtwar,IN,2022-09-17 02:09:31,33.3167,75.7667,63.88,76,0,1.07
359,Pandharpur,IN,2022-09-17 02:07:13,17.6667,75.3333,73.35,85,100,10.25
360,Rio Verde De Mato Grosso,BR,2022-09-17 02:09:32,-18.9181,-54.8442,78.53,45,22,5.48
361,Aykhal,RU,2022-09-17 02:09:32,66.0,111.5,28.54,87,100,23.31
362,Faanui,PF,2022-09-17 02:09:32,-16.4833,-151.75,78.19,71,21,22.21
363,Urusha,RU,2022-09-17 02:09:33,54.05,122.9,40.24,97,100,11.14
364,Unity,CA,2022-09-17 02:09:33,52.4501,-109.1682,59.25,73,100,1.1
365,Luangwa,ZM,2022-09-17 02:09:34,-15.6167,30.4167,66.29,56,0,1.32
366,Norman Wells,CA,2022-09-17 02:09:34,65.282,-126.8329,53.91,65,21,3.27
367,Saldanha,ZA,2022-09-17 02:09:34,-33.0117,17.9442,56.55,86,81,8.14
368,Oyama,JP,2022-09-17 02:09:35,36.3,139.8,85.59,47,100,4.32
369,Dawei,MM,2022-09-17 02:09:35,14.0833,98.2,80.78,82,100,4.9
370,Sa Kaeo,TH,2022-09-17 02:09:35,13.75,102.3333,81.09,83,100,7.56
371,Marienburg,PL,2022-09-17 02:09:36,54.0359,19.0266,52.88,72,35,13.18
372,Chumikan,RU,2022-09-17 02:09:36,54.7183,135.315,55.54,49,39,3.2
373,Natchitoches,US,2022-09-17 02:09:37,31.7668,-93.1335,74.25,88,0,0.0
374,Cururupu,BR,2022-09-17 02:09:37,-1.8283,-44.8683,74.16,88,69,3.74
375,Muli,MV,2022-09-17 02:09:37,2.9167,73.5667,81.09,68,1,5.06
376,Bonthe,SL,2022-09-17 02:09:38,7.5264,-12.505,76.14,92,100,5.23
377,Mount Gambier,AU,2022-09-17 02:09:38,-37.8333,140.7667,51.71,87,75,25.32
378,Ekibastuz,KZ,2022-09-17 02:09:38,51.6667,75.3667,46.74,51,0,6.49
379,Talnakh,RU,2022-09-17 02:09:39,69.4865,88.3972,29.21,82,75,2.68
380,Belem De Sao Francisco,BR,2022-09-17 02:09:39,-8.7539,-38.9658,72.77,65,28,16.82
381,Dolgoderevenskoye,RU,2022-09-17 02:09:40,55.3444,61.3444,48.54,71,40,4.47
382,Russell,US,2022-09-17 02:05:59,32.3502,-85.1999,74.43,100,0,0.0
383,Nelson Bay,AU,2022-09-17 02:09:40,-32.7167,152.15,73.45,38,5,7.0
384,Gayeri,BF,2022-09-17 02:09:40,12.6497,0.4931,73.33,88,80,7.49
385,Villazon,BO,2022-09-17 02:09:41,-22.0866,-65.5942,43.95,36,25,8.41
386,Huarmey,PE,2022-09-17 02:09:41,-10.0681,-78.1522,63.25,86,85,7.63
387,Batie,BF,2022-09-17 02:09:42,9.8833,-2.9167,70.3,97,82,3.98
388,Nizhniy Baskunchak,RU,2022-09-17 02:09:42,48.2198,46.8311,63.68,83,100,8.05
389,Yantzaza,EC,2022-09-17 02:09:43,-3.8278,-78.7594,63.52,99,100,1.12
390,Sao Miguel Do Araguaia,BR,2022-09-17 02:07:50,-13.275,-50.1628,85.71,24,19,2.98
391,Teguise,ES,2022-09-17 02:09:43,29.0605,-13.564,70.02,78,75,12.66
392,Vicente Guerrero,MX,2022-09-17 02:09:43,19.1194,-98.1708,58.39,89,99,7.38
393,San Rafael,AR,2022-09-17 02:05:41,-34.6177,-68.3301,65.75,27,93,15.37
394,Honningsvag,NO,2022-09-17 02:09:44,70.9821,25.9704,46.15,87,100,19.57
395,Vanavara,RU,2022-09-17 02:09:44,60.34,102.2797,45.72,73,75,9.31
396,Baykit,RU,2022-09-17 02:09:45,61.67,96.37,43.72,78,98,7.65
397,Tulum,MX,2022-09-17 02:09:45,20.2167,-87.4667,78.04,93,97,5.19
398,Gallup,US,2022-09-17 02:09:46,35.5281,-108.7426,68.02,31,0,6.91
399,Marawi,PH,2022-09-17 02:09:46,7.9986,124.2928,82.67,52,93,4.43
400,Temyasovo,RU,2022-09-17 02:09:46,52.9933,58.1014,50.27,93,98,4.27
401,Egvekinot,RU,2022-09-17 02:09:47,66.3167,-179.1667,39.51,89,100,21.36
402,Rioja,AR,2022-09-17 02:09:47,-29.4111,-66.8507,64.94,30,28,3.02
403,Cap Malheureux,MU,2022-09-17 02:09:48,-19.9842,57.6142,70.47,69,0,19.3
404,Aklavik,CA,2022-09-17 02:09:48,68.2191,-135.0107,38.7,95,100,6.64
405,Saint-Francois,FR,2022-09-17 02:06:29,46.4154,3.9054,47.68,93,0,5.75
406,Gejiu,CN,2022-09-17 02:09:48,23.306,103.1635,60.91,86,94,2.62
407,Te Anau,NZ,2022-09-17 02:05:43,-45.4167,167.7167,51.51,59,100,1.48
408,Kokopo,PG,2022-09-17 02:09:49,-4.352,152.2633,84.97,60,28,5.53
409,Ayan,RU,2022-09-17 02:09:49,56.45,138.1667,53.37,52,0,0.31
410,Pandan,PH,2022-09-17 02:09:49,14.0453,124.1694,86.88,65,99,10.04
411,Sao Joao Da Barra,BR,2022-09-17 02:09:50,-21.6403,-41.0511,64.11,87,100,10.89
412,Meadow Lake,US,2022-09-17 02:09:51,34.8014,-106.5436,81.28,32,0,9.1
413,Sembe,CG,2022-09-17 02:09:51,1.6481,14.5806,69.98,98,100,3.8
414,Narrabri,AU,2022-09-17 02:09:51,-30.3167,149.7833,70.52,39,3,7.0
415,Laguna,US,2022-09-17 02:09:52,38.421,-121.4238,82.62,43,0,9.22
416,Shimoda,JP,2022-09-17 02:09:52,34.6667,138.95,81.1,74,100,14.52
417,Manyana,BW,2022-09-17 02:09:53,-23.4,21.7167,59.88,19,0,8.55
418,Pangoa,PE,2022-09-17 02:09:53,-12.1167,-73.0,66.61,89,6,2.42
419,Atar,MR,2022-09-17 02:09:53,20.5169,-13.0499,84.69,30,3,9.33
420,Marrakesh,MA,2022-09-17 02:05:15,31.6315,-8.0083,69.87,73,40,6.91
421,Tobermory,CA,2022-09-17 02:09:54,45.2501,-81.6665,61.14,89,90,17.0
422,Tasiilaq,GL,2022-09-17 02:09:54,65.6145,-37.6368,37.56,96,100,12.46
423,Woodward,US,2022-09-17 02:09:55,36.4337,-99.3904,83.97,47,0,19.57
424,Ambalavao,MG,2022-09-17 02:09:55,-21.8333,46.9333,52.09,94,25,4.14
425,Ibra,OM,2022-09-17 02:09:56,22.6906,58.5334,83.93,33,43,3.0
426,Bengkulu,ID,2022-09-17 02:09:56,-3.8004,102.2655,80.83,76,52,3.44
427,Azangaro,PE,2022-09-17 02:09:56,-14.9167,-70.2167,49.17,60,94,4.63
428,Havre-Saint-Pierre,CA,2022-09-17 02:09:57,50.2334,-63.5986,49.5,64,100,16.96
429,Pascagoula,US,2022-09-17 02:06:34,30.3658,-88.5561,80.65,97,0,0.0
430,Hibbing,US,2022-09-17 02:09:57,47.4272,-92.9377,63.75,82,100,4.61
431,The Pas,CA,2022-09-17 02:09:58,53.8251,-101.2541,51.46,67,100,5.39
432,Qasigiannguit,GL,2022-09-17 02:09:58,68.8193,-51.1922,35.85,94,86,1.97
433,Amga,RU,2022-09-17 02:09:58,60.8953,131.9608,51.49,48,12,9.13
434,Longhua,CN,2022-09-17 02:09:59,23.6137,114.1919,92.98,47,0,0.63
435,Matay,EG,2022-09-17 02:09:59,28.419,30.7792,71.94,80,0,6.98
436,Agirish,RU,2022-09-17 02:10:00,61.9247,63.0231,46.83,70,100,6.76
437,Gazimurskiy Zavod,RU,2022-09-17 02:10:00,51.5461,118.3266,48.67,97,100,3.74
438,Ulkan,RU,2022-09-17 02:10:00,57.243,107.3223,49.8,54,100,4.59
439,Verkhnyaya Inta,RU,2022-09-17 02:10:01,65.9811,60.3094,49.84,70,100,6.15
440,Alcudia,ES,2022-09-17 02:06:59,39.8532,3.1214,71.38,74,54,3.4
441,Hobyo,SO,2022-09-17 02:10:01,5.3505,48.5268,75.63,85,32,23.22
442,Guaruja,BR,2022-09-17 02:05:26,-23.9931,-46.2564,64.89,26,63,9.57
443,Quatre Cocos,MU,2022-09-17 02:10:02,-20.2078,57.7625,70.09,77,13,14.09
444,Babu,CN,2022-09-17 02:10:03,24.4167,111.5167,86.25,66,1,1.74
445,Kisangani,CD,2022-09-17 02:10:03,0.5167,25.2,69.15,98,100,2.71
446,Chernyshevskiy,RU,2022-09-17 02:10:04,63.0128,112.4714,36.5,68,12,9.06
447,Calama,CL,2022-09-17 02:10:04,-22.4667,-68.9333,52.29,15,0,5.75
448,Pouebo,NC,2022-09-17 02:10:05,-20.4,164.5667,78.31,57,12,9.66
449,Bilma,NE,2022-09-17 02:10:06,18.6853,12.9164,88.45,37,70,6.91
450,Biak,ID,2022-09-17 02:10:07,-0.9131,122.8766,80.64,69,100,5.17
451,Henties Bay,NA,2022-09-17 02:10:08,-22.116,14.2845,55.71,97,43,6.08
452,Kununurra,AU,2022-09-17 02:10:08,-15.7667,128.7333,94.98,11,73,12.66
453,Boa Vista,BR,2022-09-17 02:10:08,2.8197,-60.6733,80.58,69,40,4.61
454,Rawson,AR,2022-09-17 02:10:09,-43.3002,-65.1023,44.94,79,100,11.12
455,Inhambane,MZ,2022-09-17 02:10:09,-23.865,35.3833,67.03,85,0,8.08
456,Truro,GB,2022-09-17 02:10:10,50.2653,-5.0544,52.88,76,4,6.91
457,Novobiryusinskiy,RU,2022-09-17 02:10:10,56.9578,97.7076,49.03,58,91,2.73
458,Nyaunglebin,MM,2022-09-17 02:10:11,17.95,96.7333,78.6,90,100,5.53
459,Srandakan,ID,2022-09-17 02:10:11,-7.9386,110.2506,80.62,71,100,10.38
460,Kenai,US,2022-09-17 02:10:12,60.5544,-151.2583,53.69,89,100,4.61
461,Grand-Lahou,CI,2022-09-17 02:10:12,5.1367,-5.0242,73.96,94,96,7.47
462,Clyde River,CA,2022-09-17 02:10:12,70.4692,-68.5914,35.83,100,100,10.36
463,Batouri,CM,2022-09-17 02:10:13,4.4333,14.3667,66.04,99,81,3.49
464,Celestun,MX,2022-09-17 02:10:13,20.8667,-90.4,80.28,84,34,12.03
465,Jiaocheng,CN,2022-09-17 02:10:14,24.6774,116.1389,91.42,38,0,1.16
466,Fort Nelson,CA,2022-09-17 02:10:01,58.8053,-122.7002,56.71,41,100,3.06
467,Petropavlovsk-Kamchatskiy,RU,2022-09-17 02:10:15,53.0452,158.6483,58.78,44,75,15.66
468,Aku,NG,2022-09-17 02:10:15,6.7081,7.3167,70.32,98,100,2.24
469,Zaysan,KZ,2022-09-17 02:10:16,47.4667,84.8667,52.21,40,0,1.45
470,Whitecourt,CA,2022-09-17 02:10:16,54.1502,-115.6855,57.07,67,79,3.36
471,Uvarovo,RU,2022-09-17 02:10:17,51.9849,42.2615,55.58,95,35,9.28
472,Alofi,NU,2022-09-17 02:10:17,-19.0595,-169.9187,77.54,73,0,13.38
473,Iwanai,JP,2022-09-17 02:10:18,42.9744,140.5089,76.48,68,100,4.99
474,Eyl,SO,2022-09-17 02:10:18,7.9803,49.8164,76.78,77,36,17.2
475,Solnechnyy,RU,2022-09-17 02:10:19,50.7214,136.6319,55.63,71,100,6.76
476,Ambovombe,MG,2022-09-17 02:10:19,-25.1667,46.0833,65.37,80,0,5.61
477,Belfast,GB,2022-09-17 02:10:20,54.5833,-5.9333,51.39,81,75,4.61
478,Cidreira,BR,2022-09-17 02:10:20,-30.1811,-50.2056,60.53,81,0,14.03
479,San Quintin,MX,2022-09-17 02:10:20,30.4833,-115.95,68.5,77,0,13.24
480,Chapleau,CA,2022-09-17 02:10:21,47.8405,-83.4034,50.27,95,100,5.93
481,Robertsport,LR,2022-09-17 02:10:21,6.7533,-11.3686,76.57,88,100,9.55
482,Bac Ninh,VN,2022-09-17 02:07:21,21.1833,106.05,78.89,85,95,5.17
483,Porto Velho,BR,2022-09-17 02:08:58,-8.7619,-63.9039,78.85,73,0,2.3
484,Dano,BF,2022-09-17 02:10:23,11.15,-3.0667,71.11,91,83,5.17
485,Ballina,AU,2022-09-17 02:08:02,-28.8667,153.5667,79.02,60,100,5.26
486,Dafeng,CN,2022-09-17 02:10:23,23.4517,108.5881,86.61,60,5,3.09
487,Chatham,GB,2022-09-17 02:05:40,51.3789,0.5279,50.99,62,22,8.01
488,Naze,JP,2022-09-17 02:10:24,28.3667,129.4833,79.72,89,90,29.75
489,Tomatlan,MX,2022-09-17 02:10:24,19.9333,-105.25,77.74,92,100,0.94
490,Outjo,NA,2022-09-17 02:10:24,-20.1167,16.15,62.58,40,2,3.36
491,Nanakuli,US,2022-09-17 02:10:25,21.3906,-158.1547,84.15,69,100,10.36
492,Fonte Boa,BR,2022-09-17 02:10:25,-2.4959,-66.2662,77.67,80,100,2.59
493,Labuhan,ID,2022-09-17 02:10:26,-6.8844,112.2051,84.72,58,66,6.11
494,Jieshi,CN,2022-09-17 02:10:26,22.8134,115.8257,84.04,63,2,1.14
495,Namanyere,TZ,2022-09-17 02:10:26,-7.5167,31.05,61.93,56,3,8.03
496,Kharsia,IN,2022-09-17 02:10:27,21.9667,83.1167,76.69,89,99,5.68
497,Olafsvik,IS,2022-09-17 02:10:28,64.8945,-23.7142,48.36,83,100,1.14
498,Yangjiang,CN,2022-09-17 02:10:28,21.85,111.9667,85.73,65,0,3.36
499,Salaga,GH,2022-09-17 02:10:28,8.5508,-0.5188,72.28,97,100,4.88
500,Lazaro Cardenas,MX,2022-09-17 02:10:29,17.9583,-102.2,79.97,83,80,3.13
501,Spornoye,RU,2022-09-17 02:10:29,50.8448,37.2913,50.67,88,64,6.4
502,Soller,ES,2022-09-17 02:10:29,39.7662,2.7152,71.04,87,3,2.37
503,Niteroi,BR,2022-09-17 02:10:30,-22.8833,-43.1036,64.6,94,100,11.5
504,Gat,IL,2022-09-17 02:10:30,31.61,34.7642,75.88,100,7,3.83
505,Bhadrapur,NP,2022-09-17 02:10:31,26.544,88.0944,80.82,85,33,7.0
506,Tubmanburg,LR,2022-09-17 02:10:31,6.8708,-10.8172,72.3,99,100,1.19
507,Baruun-Urt,MN,2022-09-17 02:10:32,46.6806,113.2792,47.75,55,37,18.79
508,Lisala,CD,2022-09-17 02:10:32,2.15,21.5167,70.3,91,100,0.69
509,Batangafo,CF,2022-09-17 02:10:32,7.3008,18.2833,69.42,98,100,3.18
510,Methoni,GR,2022-09-17 02:10:33,36.8197,21.7049,74.21,85,0,12.37
511,Honiara,SB,2022-09-17 02:10:31,-9.4333,159.95,85.68,69,31,4.83
512,Portland,US,2022-09-17 02:07:05,45.5234,-122.6762,67.57,72,75,3.0
513,Erzin,TR,2022-09-17 02:10:33,36.9559,36.2,72.45,79,0,2.35
514,Ust-Maya,RU,2022-09-17 02:10:34,60.4167,134.5333,49.53,44,7,6.15
515,Ossora,RU,2022-09-17 02:10:34,59.2353,163.0719,52.63,41,70,11.14
516,Bima,ID,2022-09-17 02:10:35,-8.4667,118.7167,93.0,38,97,4.05
517,Wanxian,CN,2022-09-17 02:10:35,30.8039,108.3897,80.33,74,100,5.08
518,Asosa,ET,2022-09-17 02:10:36,10.0667,34.5333,60.21,94,100,0.81
519,Svetlogorsk,BY,2022-09-17 02:10:36,52.6333,29.7333,45.48,87,6,8.12
520,Sundsvall,SE,2022-09-17 02:10:36,62.3913,17.3063,52.97,80,75,13.8
521,Bayan,CN,2022-09-17 02:10:37,46.0833,127.4,59.11,86,97,9.69
522,Orbetello,IT,2022-09-17 02:10:37,42.4408,11.2196,74.28,65,2,12.24
523,Tabuk,PH,2022-09-17 02:10:38,17.4189,121.4443,84.56,66,30,3.13
524,Nikolsk,RU,2022-09-17 02:10:38,53.7189,46.0712,51.15,98,100,7.94
525,Dhidhdhoo,MV,2022-09-17 02:10:38,6.8833,73.1,80.85,74,82,7.31
526,Corinto,GR,2022-09-17 02:10:39,37.9407,22.9573,71.89,62,0,3.74
527,Payo,ID,2022-09-17 02:10:39,-3.7508,103.6372,83.73,65,75,1.66
528,Rong Kwang,TH,2022-09-17 02:10:39,18.339,100.3174,82.44,88,98,2.21
529,Pangody,RU,2022-09-17 02:10:40,65.85,74.4859,50.13,71,100,8.72
530,Itoigawa,JP,2022-09-17 02:10:40,37.0333,137.85,88.02,55,100,2.82
531,Bowen,AU,2022-09-17 02:10:41,-20.0167,148.2333,77.54,73,0,10.09
532,Cafarnaum,BR,2022-09-17 02:10:41,-11.6936,-41.4683,67.12,66,5,9.91
533,Fillan,NO,2022-09-17 02:10:41,63.6064,8.9696,49.44,86,100,15.95
534,Yarada,IN,2022-09-17 02:10:42,17.65,83.2667,83.84,72,97,9.64
535,Dillon,US,2022-09-17 02:10:42,34.4166,-79.3712,71.11,57,0,5.73
536,Abha,SA,2022-09-17 02:10:42,18.2164,42.5053,62.85,42,0,0.0
537,Banda Aceh,ID,2022-09-17 02:10:43,5.5577,95.3222,83.39,69,84,12.66
538,Churapcha,RU,2022-09-17 02:10:43,62.0025,132.4325,49.5,54,94,11.79
539,Barcelos,PT,2022-09-17 02:10:44,41.5388,-8.6151,67.91,90,92,2.21
540,Murgab,TM,2022-09-17 02:10:44,37.4966,61.9714,71.4,39,75,3.49
541,Luang Prabang,LA,2022-09-17 02:10:44,19.8856,102.1347,76.41,96,100,1.14
542,Xichang,CN,2022-09-17 02:10:45,27.8964,102.2634,71.04,85,100,1.36
543,Luanda,AO,2022-09-17 02:09:12,-8.8368,13.2343,70.97,88,52,7.23
544,Manta,EC,2022-09-17 02:08:49,-0.95,-80.7333,69.58,88,75,9.22
545,Bairnsdale,AU,2022-09-17 02:10:46,-37.8333,147.6167,68.05,42,3,3.0
546,Santiago De Cuba,CU,2022-09-17 02:10:46,20.0247,-75.8219,82.51,78,20,5.75
547,Salvador,SV,2022-09-17 02:06:54,13.8333,-88.9167,73.8,98,100,2.8
548,Mezen,RU,2022-09-17 02:10:46,65.8522,44.24,46.69,98,100,6.89
549,Beringovskiy,RU,2022-09-17 02:10:47,63.05,179.3167,45.77,95,100,20.56
550,Palana,RU,2022-09-17 02:10:47,59.1167,159.9667,44.62,57,9,16.69
551,Tura,IN,2022-09-17 02:10:48,25.5198,90.2201,76.44,94,53,5.39
552,Jawhar,SO,2022-09-17 02:10:48,2.7809,45.5005,74.28,80,97,10.38
553,Magole,TZ,2022-09-17 02:10:48,-6.3667,37.3667,66.96,90,81,3.58
554,Bubaque,GW,2022-09-17 02:10:49,11.2833,-15.8333,81.1,83,100,11.45
555,Madang,PG,2022-09-17 02:10:49,-5.2246,145.7966,85.24,62,94,4.03
556,Saint-Joseph,RE,2022-09-17 02:10:49,-21.3667,55.6167,66.58,79,22,15.43
557,Odessa,UA,2022-09-17 02:10:50,46.4775,30.7326,67.12,81,87,13.8
558,Eureka,US,2022-09-17 02:10:50,40.8021,-124.1637,61.18,82,27,1.99
559,Canete,CL,2022-09-17 02:10:51,-37.8,-73.4,44.08,98,100,5.21
560,Nome,US,2022-09-17 02:10:51,64.5011,-165.4064,51.87,77,100,29.93
561,Sola,VU,2022-09-17 02:10:51,-13.8833,167.55,80.2,77,20,19.26
562,Ixtapa,MX,2022-09-17 02:10:52,20.7,-105.2,82.22,94,100,9.22
563,Istok,XK,2022-09-17 02:10:52,42.7808,20.4875,60.39,95,82,0.98
564,Dawlatabad,AF,2022-09-17 02:10:52,36.4141,64.9053,68.02,18,0,1.66
565,Ust-Omchug,RU,2022-09-17 02:10:53,61.15,149.6333,41.47,53,75,8.75
566,Tuatapere,NZ,2022-09-17 02:10:53,-46.1333,167.6833,54.07,48,100,0.72
567,Ketchikan,US,2022-09-17 02:10:54,55.3422,-131.6461,54.07,82,40,4.61
568,Tuy Hoa,VN,2022-09-17 02:08:54,13.0833,109.3,86.56,63,88,11.9
569,Rocha,UY,2022-09-17 02:10:54,-34.4833,-54.3333,54.07,80,18,13.11
570,Bose,IT,2022-09-17 02:10:54,45.4612,8.0137,67.59,59,0,3.89
571,Rock Springs,US,2022-09-17 02:10:55,41.5875,-109.2029,57.24,56,0,6.91
572,Nizwa,OM,2022-09-17 02:10:55,22.9333,57.5333,87.39,21,7,4.59
573,Havelock,US,2022-09-17 02:10:55,34.8791,-76.9013,73.38,88,0,6.2
574,Souillac,MU,2022-09-17 02:10:56,-20.5167,57.5167,70.18,78,40,13.8
